{
  "hash": "0dda65b2",
  "configHash": "cb48bedb",
  "lockfileHash": "c4da0c4d",
  "browserHash": "b9cccb81",
  "optimized": {
    "vue": {
      "src": "../../../../node_modules/.pnpm/vue@3.5.18_typescript@5.9.2/node_modules/vue/dist/vue.runtime.esm-bundler.js",
      "file": "vue.js",
      "fileHash": "ee2c6125",
      "needsInterop": false
    },
    "vitepress > @vue/devtools-api": {
      "src": "../../../../node_modules/.pnpm/@vue+devtools-api@7.3.7/node_modules/@vue/devtools-api/dist/index.js",
      "file": "vitepress___@vue_devtools-api.js",
      "fileHash": "5fdbd15f",
      "needsInterop": false
    },
    "vitepress > @vueuse/core": {
      "src": "../../../../node_modules/.pnpm/@vueuse+core@10.11.1_vue@3.4.37_typescript@5.9.2_/node_modules/@vueuse/core/index.mjs",
      "file": "vitepress___@vueuse_core.js",
      "fileHash": "c5176df2",
      "needsInterop": false
    },
    "vitepress > @vueuse/integrations/useFocusTrap": {
      "src": "../../../../node_modules/.pnpm/@vueuse+integrations@10.11.1_axios@1.10.0_focus-trap@7.5.4_vue@3.4.37_typescript@5.9.2_/node_modules/@vueuse/integrations/useFocusTrap.mjs",
      "file": "vitepress___@vueuse_integrations_useFocusTrap.js",
      "fileHash": "2fa9e04d",
      "needsInterop": false
    },
    "vitepress > mark.js/src/vanilla.js": {
      "src": "../../../../node_modules/.pnpm/mark.js@8.11.1/node_modules/mark.js/src/vanilla.js",
      "file": "vitepress___mark__js_src_vanilla__js.js",
      "fileHash": "dde9e5fc",
      "needsInterop": false
    },
    "vitepress > minisearch": {
      "src": "../../../../node_modules/.pnpm/minisearch@7.1.0/node_modules/minisearch/dist/es/index.js",
      "file": "vitepress___minisearch.js",
      "fileHash": "5a07c48a",
      "needsInterop": false
    },
    "@documate/vue": {
      "src": "../../../../node_modules/.pnpm/@documate+vue@0.3.1_tailwindcss@3.4.14_vue@3.5.18_typescript@5.9.2_/node_modules/@documate/vue/dist/documate.js",
      "file": "@documate_vue.js",
      "fileHash": "a10088df",
      "needsInterop": false
    },
    "@theojs/lumen": {
      "src": "../../../../node_modules/.pnpm/@theojs+lumen@6.4.2_vue@3.5.18_typescript@5.9.2_/node_modules/@theojs/lumen/types/index.ts",
      "file": "@theojs_lumen.js",
      "fileHash": "08a5da8d",
      "needsInterop": false
    },
    "vue-demi": {
      "src": "../../../../node_modules/.pnpm/vitepress@1.3.2_@algolia+client-search@5.35.0_axios@1.10.0_less@4.2.0_postcss@8.4.47_search-i_prukakbbnu7rdglushcn5phgnu/node_modules/vitepress/lib/vue-demi.mjs",
      "file": "vue-demi.js",
      "fileHash": "5b5548e0",
      "needsInterop": false
    }
  },
  "chunks": {
    "chunk-UEQ5IFIE": {
      "file": "chunk-UEQ5IFIE.js"
    },
    "chunk-6H35RO3N": {
      "file": "chunk-6H35RO3N.js"
    },
    "chunk-OCECDIOC": {
      "file": "chunk-OCECDIOC.js"
    },
    "chunk-UVKRO5ER": {
      "file": "chunk-UVKRO5ER.js"
    }
  }
}